url_path,views_total,views_unique
/notional-labs/sos,16,10
/notional-labs/sos/actions,7,4
/notional-labs/sos/actions/runs/1338125780,6,4
/notional-labs/sos/actions/workflows/graviton.yml,2,1
/notional-labs/sos/blob/dcdfa6e029d683d38e379389f2fdad7f393bd0c0/Dockerfile,2,1
/notional-labs/sos/actions/runs/1339574344,1,1
/notional-labs/sos/actions/workflows/odroid-c2.yml,1,1
/notional-labs/sos/blob/master/akash/akash.service,1,1
/notional-labs/sos/blob/master/contrib/firstboot.service,1,1
/notional-labs/sos/blob/master/gaia/build.sh,1,1
